id,first_name,last_name,email,gender,ip_address
1,"Sissie" ,Caldecott,scaldecott0@yolasite.com,Female,112.164.157.133
2,Louisette,Renard,lrenard1@vk.com,Female,179.190.6.221
3,Mollee,Troyes,mtroyes2@tuttocitta.it,Female,134.189.47.115
4,Glynda,Standall,gstandall3@earthlink.net,Female,164.7.134.162
5,Eberhard,Trevascus,etrevascus4@people.com.cn,Male,90.56.167.175
6,Georgie,Pietraszek,gpietraszek5@umn.edu,Male,173.87.60.132
7,Bord,Hargrave,bhargrave6@dot.gov,Male,104.58.65.88
8,Tracy,Morley,tmorley7@etsy.com,Male,177.58.221.112
9,Kettie,Greir,kgreir8@issuu.com,Female,174.91.43.182
10,Karee,Coath,kcoath9@hibu.com,Female,15.215.213.29
11,Drusi,Dinse,ddinsea@topsy.com,Female,117.42.215.191
12,Addie,Kilius,akiliusb@yandex.ru,Female,220.130.204.106
13,Myranda,Brockington,mbrockingtonc@google.cn,Female,125.90.9.31
14,Kerstin,Gherarducci,kgherarduccid@liveinternet.ru,Female,147.203.138.191
15,Bradley,Blackster,bblackstere@instagram.com,Male,199.179.82.162
16,Hillard,Fabb,hfabbf@instagram.com,Male,95.171.57.120
17,Holmes,Yackiminie,hyackiminieg@xrea.com,Male,7.222.99.229
18,Myron,Aisthorpe,maisthorpeh@cornell.edu,Male,111.24.145.239
19,Morrie,Borless,mborlessi@hibu.com,Male,55.119.227.26
20,Nicoline,Padginton,npadgintonj@wikipedia.org,Female,73.174.145.31
21,Laryssa,Mell,lmellk@independent.co.uk,Female,204.226.118.107
22,Johannes,Armand,jarmandl@cocolog-nifty.com,Male,159.124.38.115
23,Edward,Kinchington,ekinchingtonm@comsenz.com,Male,240.31.228.55
24,Dunstan,Bangham,dbanghamn@flavors.me,Male,68.250.145.186
25,Taddeusz,Adam,tadamo@oakley.com,Male,29.212.108.213
26,Reginauld,Smillie,rsmilliep@4shared.com,Male,202.48.147.70
27,Cale,Kahler,ckahlerq@diigo.com,Male,50.222.27.242
28,Crissy,Jovanovic,cjovanovicr@hp.com,Female,43.62.189.227
29,Ari,Keri,akeris@china.com.cn,Male,132.100.214.169
30,Jacintha,Douglas,jdouglast@quantcast.com,Female,50.190.150.111
31,Nikki,Filgate,nfilgateu@storify.com,Female,234.202.156.100
32,Perla,Pehrsson,ppehrssonv@unesco.org,Female,40.91.130.203
33,Cleveland,Canedo,ccanedow@ed.gov,Male,3.124.151.217
34,Shane,Whines,swhinesx@mlb.com,Male,156.37.157.92
35,Kelley,Jenkerson,kjenkersony@yellowpages.com,Male,138.159.104.250
36,Rem,Jell,rjellz@t.co,Male,20.108.121.195
37,Flor,Casoni,fcasoni10@apache.org,Female,90.181.58.5
38,Oliviero,Skpsey,oskpsey11@gnu.org,Male,30.38.246.22
39,Linnet,Audas,laudas12@a8.net,Female,217.166.249.24
40,Magnum,Vanyakin,mvanyakin13@is.gd,Male,172.130.33.200
41,Fidole,O'Crowley,focrowley14@icq.com,Male,144.238.57.98
42,Denny,Grotty,dgrotty15@sfgate.com,Female,119.9.100.190
43,Farica,Smallpeice,fsmallpeice16@cloudflare.com,Female,99.3.252.237
44,Beatrice,Bagniuk,bbagniuk17@oakley.com,Female,173.41.187.159
45,Whitby,Gallety,wgallety18@parallels.com,Male,88.175.211.46
46,Rycca,Harlock,rharlock19@icio.us,Female,253.20.42.39
47,Zebulen,Bramsom,zbramsom1a@usnews.com,Male,146.179.184.52
48,Lotte,Cawood,lcawood1b@uol.com.br,Female,17.148.30.54
49,Shane,Hallum,shallum1c@people.com.cn,Female,135.98.109.198
50,Curcio,MacEllen,cmacellen1d@sbwire.com,Male,7.2.144.64
51,Reuven,Leopard,rleopard1e@oakley.com,Male,45.61.251.255
52,Zita,Tongs,ztongs1f@washington.edu,Female,36.162.239.180
53,Zitella,Degue,zdegue1g@github.io,Female,115.141.229.195
54,Mervin,Shuttleworth,mshuttleworth1h@artisteer.com,Male,5.99.122.103
55,Wenonah,Putley,wputley1i@shop-pro.jp,Female,113.59.26.162
56,Edie,Bubb,ebubb1j@amazonaws.com,Female,119.31.160.228
57,Padgett,Mahedy,pmahedy1k@slideshare.net,Male,68.147.150.208
58,Allianora,Vankov,avankov1l@army.mil,Female,48.190.5.53
59,Gianna,Cuttin,gcuttin1m@springer.com,Female,222.250.155.53
60,Cristina,Seeley,cseeley1n@microsoft.com,Female,218.158.41.2
61,Vivie,Furmage,vfurmage1o@joomla.org,Female,2.202.121.206
62,Chelsey,Acome,cacome1p@4shared.com,Female,74.184.9.185
63,Thain,Petz,tpetz1q@furl.net,Male,13.142.152.117
64,Letitia,McVicar,lmcvicar1r@soundcloud.com,Female,248.89.241.200
65,Arleyne,Shevels,ashevels1s@vkontakte.ru,Female,173.241.213.2
66,Gaston,Adamovitz,gadamovitz1t@bluehost.com,Male,153.14.75.37
67,Tommy,Godsafe,tgodsafe1u@a8.net,Female,123.70.254.197
68,Giraud,Morfell,gmorfell1v@mozilla.com,Male,171.253.111.100
69,Tobye,Berryman,tberryman1w@lycos.com,Female,58.134.37.181
70,Charla,Coppeard,ccoppeard1x@ameblo.jp,Female,134.120.130.77
71,Beverie,Furlonge,bfurlonge1y@feedburner.com,Female,176.134.45.193
72,Hadlee,Cirlos,hcirlos1z@gravatar.com,Male,10.29.192.29
73,Sharl,Daton,sdaton20@nytimes.com,Female,134.117.5.216
74,Winonah,Isaaksohn,wisaaksohn21@purevolume.com,Female,145.8.103.61
75,Shauna,Bahls,sbahls22@blogtalkradio.com,Female,9.60.68.20
76,Val,Lockwood,vlockwood23@jiathis.com,Male,66.80.126.109
77,Jolee,Eitter,jeitter24@prweb.com,Female,227.146.175.227
78,Sallyanne,Sutcliffe,ssutcliffe25@state.gov,Female,177.221.203.111
79,Seumas,Alecock,salecock26@biglobe.ne.jp,Male,54.5.78.236
80,Crawford,Standon,cstandon27@tuttocitta.it,Male,73.18.89.56
81,Bronson,Sully,bsully28@domainmarket.com,Male,229.162.55.157
82,Liesa,Hurtado,lhurtado29@eepurl.com,Female,26.126.4.56
83,Lorry,Tompkin,ltompkin2a@reverbnation.com,Female,234.199.179.191
84,Aurelea,Tondeur,atondeur2b@google.nl,Female,182.111.172.99
85,Basil,Holdall,bholdall2c@gnu.org,Male,111.31.106.110
86,Regan,Schleicher,rschleicher2d@who.int,Male,207.134.136.65
87,Fionnula,Linzee,flinzee2e@google.ru,Female,73.116.166.238
88,Aguistin,Topp,atopp2f@symantec.com,Male,155.134.249.199
89,Hamish,Brane,hbrane2g@trellian.com,Male,167.52.194.23
90,Rodolphe,Blackadder,rblackadder2h@meetup.com,Male,229.253.233.217
91,Vania,Turfrey,vturfrey2i@unicef.org,Female,65.81.17.127
92,Godart,Garfitt,ggarfitt2j@tamu.edu,Male,200.77.151.67
93,Horten,Rogers,hrogers2k@dyndns.org,Male,125.108.200.98
94,Janelle,Gaiford,jgaiford2l@webmd.com,Female,138.239.184.67
95,Jessamyn,Twigger,jtwigger2m@nationalgeographic.com,Female,174.124.230.77
96,Gibb,Magowan,gmagowan2n@canalblog.com,Male,77.56.198.32
97,Jeana,Tripp,jtripp2o@desdev.cn,Female,211.97.185.240
98,Joyann,Aucoate,jaucoate2p@de.vu,Female,186.207.162.222
99,Ferguson,Munnings,fmunnings2q@nps.gov,Male,238.235.107.80
100,Hadley,McDermott-Row,hmcdermottrow2r@samsung.com,Male,90.147.108.44
